data-object-id,data-original-title,list_entry_id,film_slug,URL
filmListEntry:3080978662,"Ludo (2015) ",filmListEntry:3080978662,ludo-2015,https://letterboxd.com/film/ludo-2015/
filmListEntry:3080978663,"The Wicker Man (1973) ",filmListEntry:3080978663,the-wicker-man,https://letterboxd.com/film/the-wicker-man/
filmListEntry:3080978664,"Hellraiser (1987) ",filmListEntry:3080978664,hellraiser,https://letterboxd.com/film/hellraiser/
filmListEntry:3080978665,"Hellbound: Hellraiser II (1988) ",filmListEntry:3080978665,hellbound-hellraiser-ii,https://letterboxd.com/film/hellbound-hellraiser-ii/
filmListEntry:3080978666,"A Nightmare on Elm Street (1984) ",filmListEntry:3080978666,a-nightmare-on-elm-street,https://letterboxd.com/film/a-nightmare-on-elm-street/
filmListEntry:3080978667,"A Nightmare on Elm Street 3: Dream Warriors (1987) ",filmListEntry:3080978667,a-nightmare-on-elm-street-3-dream-warriors,https://letterboxd.com/film/a-nightmare-on-elm-street-3-dream-warriors/
filmListEntry:3080978668,"The Texas Chain Saw Massacre (1974) ",filmListEntry:3080978668,the-texas-chain-saw-massacre,https://letterboxd.com/film/the-texas-chain-saw-massacre/
filmListEntry:3080978669,"Halloween (1978) ",filmListEntry:3080978669,halloween-1978,https://letterboxd.com/film/halloween-1978/
filmListEntry:3080978670,"Halloween II (1981) ",filmListEntry:3080978670,halloween-ii-1981,https://letterboxd.com/film/halloween-ii-1981/
filmListEntry:3080978671,"Kill List (2011) ",filmListEntry:3080978671,kill-list,https://letterboxd.com/film/kill-list/
filmListEntry:3080978672,"Deep Red (1975) ",filmListEntry:3080978672,deep-red,https://letterboxd.com/film/deep-red/
filmListEntry:3080978673,"Witchfinder General (1968) ",filmListEntry:3080978673,witchfinder-general,https://letterboxd.com/film/witchfinder-general/
filmListEntry:3080978674,"Apostle (2018) ",filmListEntry:3080978674,apostle-2018,https://letterboxd.com/film/apostle-2018/
filmListEntry:3080978675,"Blair Witch (2016) ",filmListEntry:3080978675,blair-witch,https://letterboxd.com/film/blair-witch/
filmListEntry:3080978676,"Midsommar (2019) ",filmListEntry:3080978676,midsommar,https://letterboxd.com/film/midsommar/
filmListEntry:3080978677,"Creep (2014) ",filmListEntry:3080978677,creep-2014,https://letterboxd.com/film/creep-2014/
filmListEntry:3080978678,"The Descent (2005) ",filmListEntry:3080978678,the-descent,https://letterboxd.com/film/the-descent/
filmListEntry:3080978679,"Housebound (2014) ",filmListEntry:3080978679,housebound,https://letterboxd.com/film/housebound/
filmListEntry:3080978680,"Dead Ringers (1988) ",filmListEntry:3080978680,dead-ringers,https://letterboxd.com/film/dead-ringers/
filmListEntry:3080978681,"Blood Quantum (2019) ",filmListEntry:3080978681,blood-quantum,https://letterboxd.com/film/blood-quantum/
filmListEntry:3080978682,"I Still Know What You Did Last Summer (1998) ",filmListEntry:3080978682,i-still-know-what-you-did-last-summer,https://letterboxd.com/film/i-still-know-what-you-did-last-summer/
filmListEntry:3080978683,"Scream 4 (2011) ",filmListEntry:3080978683,scream-4,https://letterboxd.com/film/scream-4/
filmListEntry:3080978684,"Final Destination (2000) ",filmListEntry:3080978684,final-destination,https://letterboxd.com/film/final-destination/
filmListEntry:3080978685,"Paranormal Activity (2007) ",filmListEntry:3080978685,paranormal-activity,https://letterboxd.com/film/paranormal-activity/
filmListEntry:3080978686,"Paranormal Activity 3 (2011) ",filmListEntry:3080978686,paranormal-activity-3,https://letterboxd.com/film/paranormal-activity-3/
filmListEntry:3080978687,"Child's Play (1988) ",filmListEntry:3080978687,childs-play,https://letterboxd.com/film/childs-play/
filmListEntry:3080978688,"Candyman (1992) ",filmListEntry:3080978688,candyman,https://letterboxd.com/film/candyman/
filmListEntry:3080978689,"Vampires vs. the Bronx (2020) ",filmListEntry:3080978689,vampires-vs-the-bronx,https://letterboxd.com/film/vampires-vs-the-bronx/
filmListEntry:3080978690,"We Summon the Darkness (2019) ",filmListEntry:3080978690,we-summon-the-darkness,https://letterboxd.com/film/we-summon-the-darkness/
filmListEntry:3080978691,"His House (2020) ",filmListEntry:3080978691,his-house,https://letterboxd.com/film/his-house/
filmListEntry:3080978692,"Us (2019) ",filmListEntry:3080978692,us-2019,https://letterboxd.com/film/us-2019/
filmListEntry:3080978693,"1BR (2019) ",filmListEntry:3080978693,1br,https://letterboxd.com/film/1br/
filmListEntry:3080978694,"Host (2020) ",filmListEntry:3080978694,host-2020,https://letterboxd.com/film/host-2020/
filmListEntry:3080978695,"Nightbreed (1990) ",filmListEntry:3080978695,nightbreed,https://letterboxd.com/film/nightbreed/
filmListEntry:3080978696,"Sweetheart (2019) ",filmListEntry:3080978696,sweetheart-2019,https://letterboxd.com/film/sweetheart-2019/
filmListEntry:3080978697,"Knife+Heart (2018) ",filmListEntry:3080978697,knife-heart,https://letterboxd.com/film/knife-heart/
filmListEntry:3080978698,"Tremors (1990) ",filmListEntry:3080978698,tremors,https://letterboxd.com/film/tremors/
filmListEntry:3080978699,"Killer Klowns from Outer Space (1988) ",filmListEntry:3080978699,killer-klowns-from-outer-space,https://letterboxd.com/film/killer-klowns-from-outer-space/
filmListEntry:3080978700,"Black Christmas (2019) ",filmListEntry:3080978700,black-christmas-2019,https://letterboxd.com/film/black-christmas-2019/
filmListEntry:3080978701,"The Silence of the Lambs (1991) ",filmListEntry:3080978701,the-silence-of-the-lambs,https://letterboxd.com/film/the-silence-of-the-lambs/
filmListEntry:3080978702,"Possessor (2020) ",filmListEntry:3080978702,possessor,https://letterboxd.com/film/possessor/
filmListEntry:3080978703,"Impetigore (2019) ",filmListEntry:3080978703,impetigore,https://letterboxd.com/film/impetigore/
filmListEntry:3080978704,"The Golem (2018) ",filmListEntry:3080978704,the-golem-2018,https://letterboxd.com/film/the-golem-2018/
filmListEntry:3080978705,"#Alive (2020) ",filmListEntry:3080978705,alive-2020,https://letterboxd.com/film/alive-2020/
filmListEntry:3080978706,"Happy Death Day (2017) ",filmListEntry:3080978706,happy-death-day,https://letterboxd.com/film/happy-death-day/
filmListEntry:3080978707,"Wrong Turn (2021) ",filmListEntry:3080978707,wrong-turn-2021,https://letterboxd.com/film/wrong-turn-2021/
filmListEntry:3080978708,"Cold Prey (2006) ",filmListEntry:3080978708,cold-prey,https://letterboxd.com/film/cold-prey/
filmListEntry:3080978709,"Cold Prey II (2008) ",filmListEntry:3080978709,cold-prey-ii,https://letterboxd.com/film/cold-prey-ii/
filmListEntry:3080978710,"Disturbing Behavior (1998) ",filmListEntry:3080978710,disturbing-behavior,https://letterboxd.com/film/disturbing-behavior/
filmListEntry:3080978711,"Soul Survivors (2001) ",filmListEntry:3080978711,soul-survivors,https://letterboxd.com/film/soul-survivors/
filmListEntry:3080978712,"Society (1989) ",filmListEntry:3080978712,society,https://letterboxd.com/film/society/
filmListEntry:3080978713,"The Gate (1987) ",filmListEntry:3080978713,the-gate,https://letterboxd.com/film/the-gate/
filmListEntry:3080978714,"Daughters of Darkness (1971) ",filmListEntry:3080978714,daughters-of-darkness,https://letterboxd.com/film/daughters-of-darkness/
filmListEntry:3080978715,"[REC] (2007) ",filmListEntry:3080978715,rec,https://letterboxd.com/film/rec/
filmListEntry:3080978716,"The Cabin in the Woods (2011) ",filmListEntry:3080978716,the-cabin-in-the-woods,https://letterboxd.com/film/the-cabin-in-the-woods/
filmListEntry:3080978717,"The Endless (2017) ",filmListEntry:3080978717,the-endless,https://letterboxd.com/film/the-endless/
filmListEntry:3081052543,"The Evil Dead (1981) ",filmListEntry:3081052543,the-evil-dead,https://letterboxd.com/film/the-evil-dead/
filmListEntry:3081052544,"Evil Dead II (1987) ",filmListEntry:3081052544,evil-dead-ii,https://letterboxd.com/film/evil-dead-ii/
filmListEntry:3081052545,"You're Next (2011) ",filmListEntry:3081052545,youre-next,https://letterboxd.com/film/youre-next/
filmListEntry:3081052546,"Dawn of the Dead (2004) ",filmListEntry:3081052546,dawn-of-the-dead-2004,https://letterboxd.com/film/dawn-of-the-dead-2004/
filmListEntry:3081052547,"Saw (2004) ",filmListEntry:3081052547,saw,https://letterboxd.com/film/saw/
filmListEntry:3081052548,"Drag Me to Hell (2009) ",filmListEntry:3081052548,drag-me-to-hell,https://letterboxd.com/film/drag-me-to-hell/
filmListEntry:3081052549,"The Fog (1980) ",filmListEntry:3081052549,the-fog,https://letterboxd.com/film/the-fog/
filmListEntry:3081052550,"Children of the Corn (1984) ",filmListEntry:3081052550,children-of-the-corn,https://letterboxd.com/film/children-of-the-corn/
filmListEntry:3081052551,"House (1977) ",filmListEntry:3081052551,house,https://letterboxd.com/film/house/
filmListEntry:3081052552,"Rare Exports: A Christmas Tale (2010) ",filmListEntry:3081052552,rare-exports-a-christmas-tale,https://letterboxd.com/film/rare-exports-a-christmas-tale/
filmListEntry:3081056528,"All Cheerleaders Die (2013) ",filmListEntry:3081056528,all-cheerleaders-die,https://letterboxd.com/film/all-cheerleaders-die/
filmListEntry:3082075675,"Slaughterbots (2017) ",filmListEntry:3082075675,slaughterbots,https://letterboxd.com/film/slaughterbots/
filmListEntry:3082075676,"Skyline (2010) ",filmListEntry:3082075676,skyline,https://letterboxd.com/film/skyline/
filmListEntry:3082075677,"Jennifer's Body (2009) ",filmListEntry:3082075677,jennifers-body,https://letterboxd.com/film/jennifers-body/
filmListEntry:3085548715,"Hush (2016) ",filmListEntry:3085548715,hush-2016,https://letterboxd.com/film/hush-2016/
filmListEntry:3086239503,"[REC]² (2009) ",filmListEntry:3086239503,rec-2,https://letterboxd.com/film/rec-2/
filmListEntry:3093417991,"Slither (2006) ",filmListEntry:3093417991,slither,https://letterboxd.com/film/slither/
filmListEntry:3105348486,"The Wicker Man (2006) ",filmListEntry:3105348486,the-wicker-man-2006,https://letterboxd.com/film/the-wicker-man-2006/
filmListEntry:3126072566,"Blood Beach (1980) ",filmListEntry:3126072566,blood-beach,https://letterboxd.com/film/blood-beach/
filmListEntry:3126072567,"The Ring (2002) ",filmListEntry:3126072567,the-ring-2002,https://letterboxd.com/film/the-ring-2002/
filmListEntry:3126072568,"Fear Street: 1994 (2021) ",filmListEntry:3126072568,fear-street-1994,https://letterboxd.com/film/fear-street-1994/
filmListEntry:3141863887,"The Slumber Party Massacre (1982) ",filmListEntry:3141863887,the-slumber-party-massacre,https://letterboxd.com/film/the-slumber-party-massacre/
filmListEntry:3141863888,"Paganini Horror (1989) ",filmListEntry:3141863888,paganini-horror,https://letterboxd.com/film/paganini-horror/
filmListEntry:3141863889,"A Nightmare on Elm Street Part 2: Freddy's Revenge (1985) ",filmListEntry:3141863889,a-nightmare-on-elm-street-part-2-freddys-revenge,https://letterboxd.com/film/a-nightmare-on-elm-street-part-2-freddys-revenge/
filmListEntry:3141863890,"Carrie (1976) ",filmListEntry:3141863890,carrie-1976,https://letterboxd.com/film/carrie-1976/
filmListEntry:3141863891,"Friday the 13th Part III (1982) ",filmListEntry:3141863891,friday-the-13th-part-iii,https://letterboxd.com/film/friday-the-13th-part-iii/
filmListEntry:3141863892,"Don't Breathe (2016) ",filmListEntry:3141863892,dont-breathe-2016,https://letterboxd.com/film/dont-breathe-2016/
filmListEntry:3153123686,"Noroi: The Curse (2005) ",filmListEntry:3153123686,noroi-the-curse,https://letterboxd.com/film/noroi-the-curse/
filmListEntry:3153123687,"Hansel & Gretel (2007) ",filmListEntry:3153123687,hansel-gretel-2007,https://letterboxd.com/film/hansel-gretel-2007/
filmListEntry:3153123688,"Kwaidan (1964) ",filmListEntry:3153123688,kwaidan,https://letterboxd.com/film/kwaidan/
filmListEntry:3153123689,"Viy (1967) ",filmListEntry:3153123689,viy,https://letterboxd.com/film/viy/
filmListEntry:3162442538,"Halloween Kills (2021) ",filmListEntry:3162442538,halloween-kills,https://letterboxd.com/film/halloween-kills/
filmListEntry:3162442539,"Candyman (2021) ",filmListEntry:3162442539,candyman-2021,https://letterboxd.com/film/candyman-2021/
filmListEntry:3162442540,"Terror Train (1980) ",filmListEntry:3162442540,terror-train,https://letterboxd.com/film/terror-train/
filmListEntry:3177983635,"Lamb (2021) ",filmListEntry:3177983635,lamb-2021,https://letterboxd.com/film/lamb-2021/
filmListEntry:3177983636,"The Peanut Butter Solution (1985) ",filmListEntry:3177983636,the-peanut-butter-solution,https://letterboxd.com/film/the-peanut-butter-solution/
filmListEntry:3177983637,"Wishmaster (1997) ",filmListEntry:3177983637,wishmaster,https://letterboxd.com/film/wishmaster/
filmListEntry:3177983638,"A Tale of Two Sisters (2003) ",filmListEntry:3177983638,a-tale-of-two-sisters,https://letterboxd.com/film/a-tale-of-two-sisters/
filmListEntry:3178725297,"The Grudge (2004) ",filmListEntry:3178725297,the-grudge,https://letterboxd.com/film/the-grudge/
filmListEntry:3185156954,"C.H.U.D. (1984) ",filmListEntry:3185156954,chud,https://letterboxd.com/film/chud/
filmListEntry:3185156955,"Girl on the Third Floor (2019) ",filmListEntry:3185156955,girl-on-the-third-floor-2019,https://letterboxd.com/film/girl-on-the-third-floor-2019/
filmListEntry:3187703767,"In the Earth (2021) ",filmListEntry:3187703767,in-the-earth,https://letterboxd.com/film/in-the-earth/
filmListEntry:3192520110,"Lucky (2020) ",filmListEntry:3192520110,lucky-2020-1,https://letterboxd.com/film/lucky-2020-1/
filmListEntry:3192520111,"The Amityville Horror (2005) ",filmListEntry:3192520111,the-amityville-horror-2005,https://letterboxd.com/film/the-amityville-horror-2005/
filmListEntry:3199839581,"Censor (2021) ",filmListEntry:3199839581,censor-2021,https://letterboxd.com/film/censor-2021/
filmListEntry:3204332154,"The Faculty (1998) ",filmListEntry:3204332154,the-faculty,https://letterboxd.com/film/the-faculty/
filmListEntry:3205831736,"Night of the Comet (1984) ",filmListEntry:3205831736,night-of-the-comet,https://letterboxd.com/film/night-of-the-comet/
filmListEntry:3205839301,"Jaws 2 (1978) ",filmListEntry:3205839301,jaws-2,https://letterboxd.com/film/jaws-2/
filmListEntry:3210837664,"I Blame Society (2020) ",filmListEntry:3210837664,i-blame-society,https://letterboxd.com/film/i-blame-society/
filmListEntry:3215212528,"The Lodge (2019) ",filmListEntry:3215212528,the-lodge-2019,https://letterboxd.com/film/the-lodge-2019/
filmListEntry:3235199971,"Slender Man (2018) ",filmListEntry:3235199971,slender-man,https://letterboxd.com/film/slender-man/
filmListEntry:3235199972,"Leprechaun (1993) ",filmListEntry:3235199972,leprechaun,https://letterboxd.com/film/leprechaun/
filmListEntry:3235199973,"Scream (2022) ",filmListEntry:3235199973,scream-2022,https://letterboxd.com/film/scream-2022/
filmListEntry:3235199974,"The People Under the Stairs (1991) ",filmListEntry:3235199974,the-people-under-the-stairs,https://letterboxd.com/film/the-people-under-the-stairs/
filmListEntry:3235199975,"My Bloody Valentine (1981) ",filmListEntry:3235199975,my-bloody-valentine,https://letterboxd.com/film/my-bloody-valentine/
filmListEntry:3259475121,"Basket Case (1982) ",filmListEntry:3259475121,basket-case,https://letterboxd.com/film/basket-case/
filmListEntry:3259475122,"Crawl (2019) ",filmListEntry:3259475122,crawl-2019,https://letterboxd.com/film/crawl-2019/
filmListEntry:3259475123,"X (2022) ",filmListEntry:3259475123,x-2022,https://letterboxd.com/film/x-2022/
filmListEntry:3259475124,"Fresh (2022) ",filmListEntry:3259475124,fresh-2022,https://letterboxd.com/film/fresh-2022/
filmListEntry:3259475125,"Slugs (1988) ",filmListEntry:3259475125,slugs,https://letterboxd.com/film/slugs/
filmListEntry:3267074289,"Studio 666 (2022) ",filmListEntry:3267074289,studio-666-2022,https://letterboxd.com/film/studio-666-2022/
filmListEntry:3267074290,"The 'Burbs (1989) ",filmListEntry:3267074290,the-burbs,https://letterboxd.com/film/the-burbs/
filmListEntry:3286059695,"Slash/Back (2022) ",filmListEntry:3286059695,slash-back,https://letterboxd.com/film/slash-back/
filmListEntry:3286059696,"Cheerleader Camp (1988) ",filmListEntry:3286059696,cheerleader-camp,https://letterboxd.com/film/cheerleader-camp/
filmListEntry:3286059697,"Just Before Dawn (1981) ",filmListEntry:3286059697,just-before-dawn-1981,https://letterboxd.com/film/just-before-dawn-1981/
filmListEntry:3286059698,"What We Do in the Shadows (2014) ",filmListEntry:3286059698,what-we-do-in-the-shadows,https://letterboxd.com/film/what-we-do-in-the-shadows/
filmListEntry:3310277553,"Troll Hunter (2010) ",filmListEntry:3310277553,troll-hunter,https://letterboxd.com/film/troll-hunter/
filmListEntry:3314381884,"The Convent (2000) ",filmListEntry:3314381884,the-convent,https://letterboxd.com/film/the-convent/
filmListEntry:3327784472,"Hello Mary Lou: Prom Night II (1987) ",filmListEntry:3327784472,hello-mary-lou-prom-night-ii,https://letterboxd.com/film/hello-mary-lou-prom-night-ii/
filmListEntry:3327784473,"Prom Night III: The Last Kiss (1990) ",filmListEntry:3327784473,prom-night-iii-the-last-kiss,https://letterboxd.com/film/prom-night-iii-the-last-kiss/
filmListEntry:3327784474,"Office Killer (1997) ",filmListEntry:3327784474,office-killer,https://letterboxd.com/film/office-killer/
filmListEntry:3327784475,"Wild Zero (1999) ",filmListEntry:3327784475,wild-zero,https://letterboxd.com/film/wild-zero/
filmListEntry:3333805863,"Night of the Creeps (1986) ",filmListEntry:3333805863,night-of-the-creeps,https://letterboxd.com/film/night-of-the-creeps/
filmListEntry:3343339079,"Incantation (2022) ",filmListEntry:3343339079,incantation-2022,https://letterboxd.com/film/incantation-2022/
filmListEntry:3343339080,"Needful Things (1993) ",filmListEntry:3343339080,needful-things,https://letterboxd.com/film/needful-things/
filmListEntry:3343339081,"Amityville: The Evil Escapes (1989) ",filmListEntry:3343339081,amityville-the-evil-escapes,https://letterboxd.com/film/amityville-the-evil-escapes/
filmListEntry:3348195935,"Halloween Ends (2022) ",filmListEntry:3348195935,halloween-ends,https://letterboxd.com/film/halloween-ends/
filmListEntry:3358310272,"Dark Night of the Scarecrow (1981) ",filmListEntry:3358310272,dark-night-of-the-scarecrow,https://letterboxd.com/film/dark-night-of-the-scarecrow/
filmListEntry:3358310273,"The Mangler (1995) ",filmListEntry:3358310273,the-mangler,https://letterboxd.com/film/the-mangler/
filmListEntry:3361056966,"Let's Scare Jessica to Death (1971) ",filmListEntry:3361056966,lets-scare-jessica-to-death,https://letterboxd.com/film/lets-scare-jessica-to-death/
filmListEntry:3371594665,"Robin Redbreast (1970) ",filmListEntry:3371594665,robin-redbreast,https://letterboxd.com/film/robin-redbreast/
filmListEntry:3385334157,"Dial Code Santa Claus (1989) ",filmListEntry:3385334157,dial-code-santa-claus,https://letterboxd.com/film/dial-code-santa-claus/
filmListEntry:3385334158,"Pearl (2022) ",filmListEntry:3385334158,pearl-2022,https://letterboxd.com/film/pearl-2022/
filmListEntry:3385334159,"Gate II (1990) ",filmListEntry:3385334159,gate-ii,https://letterboxd.com/film/gate-ii/
filmListEntry:3392438074,"Bloody New Year (1987) ",filmListEntry:3392438074,bloody-new-year,https://letterboxd.com/film/bloody-new-year/
filmListEntry:3410823573,"She Will (2021) ",filmListEntry:3410823573,she-will,https://letterboxd.com/film/she-will/
filmListEntry:3410823574,"Deadstream (2022) ",filmListEntry:3410823574,deadstream,https://letterboxd.com/film/deadstream/
filmListEntry:3413595544,"Moloch (2022) ",filmListEntry:3413595544,moloch-2022,https://letterboxd.com/film/moloch-2022/
filmListEntry:3426079609,"The Harbinger (2022) ",filmListEntry:3426079609,the-harbinger-2022,https://letterboxd.com/film/the-harbinger-2022/
filmListEntry:3437045182,"Haunt (2019) ",filmListEntry:3437045182,haunt-2019,https://letterboxd.com/film/haunt-2019/
filmListEntry:3446586308,"The Final Terror (1983) ",filmListEntry:3446586308,the-final-terror,https://letterboxd.com/film/the-final-terror/
filmListEntry:3446586309,"The Offering (2022) ",filmListEntry:3446586309,the-offering-2022-1,https://letterboxd.com/film/the-offering-2022-1/
filmListEntry:3455905461,"Demon Wind (1990) ",filmListEntry:3455905461,demon-wind,https://letterboxd.com/film/demon-wind/
filmListEntry:3455905462,"Final Destination 5 (2011) ",filmListEntry:3455905462,final-destination-5,https://letterboxd.com/film/final-destination-5/
filmListEntry:3461452898,"The Legend of Hell House (1973) ",filmListEntry:3461452898,the-legend-of-hell-house,https://letterboxd.com/film/the-legend-of-hell-house/
filmListEntry:3468398753,"What Keeps You Alive (2018) ",filmListEntry:3468398753,what-keeps-you-alive,https://letterboxd.com/film/what-keeps-you-alive/
filmListEntry:3479318919,"Chopping Mall (1986) ",filmListEntry:3479318919,chopping-mall,https://letterboxd.com/film/chopping-mall/
filmListEntry:3479318920,"The House of the Devil (2009) ",filmListEntry:3479318920,the-house-of-the-devil,https://letterboxd.com/film/the-house-of-the-devil/
filmListEntry:3489372006,"Enys Men (2022) ",filmListEntry:3489372006,enys-men,https://letterboxd.com/film/enys-men/
filmListEntry:3489372007,"Evil Dead (2013) ",filmListEntry:3489372007,evil-dead,https://letterboxd.com/film/evil-dead/
filmListEntry:3489372057,"Omen (1975) ",filmListEntry:3489372057,omen-1975,https://letterboxd.com/film/omen-1975/
filmListEntry:3505741099,"Damien - Omen II (1978) ",filmListEntry:3505741099,damien-omen-ii,https://letterboxd.com/film/damien-omen-ii/
filmListEntry:3505741100,"The Final Conflict (1981) ",filmListEntry:3505741100,the-final-conflict,https://letterboxd.com/film/the-final-conflict/
filmListEntry:3514242414,"Tales from the Crypt: Demon Knight (1995) ",filmListEntry:3514242414,tales-from-the-crypt-demon-knight,https://letterboxd.com/film/tales-from-the-crypt-demon-knight/
filmListEntry:3514242415,"Pet Sematary (1989) ",filmListEntry:3514242415,pet-sematary,https://letterboxd.com/film/pet-sematary/
filmListEntry:3520112912,"The Thing (1982) ",filmListEntry:3520112912,the-thing,https://letterboxd.com/film/the-thing/
filmListEntry:3530462013,"Tremors 2: Aftershocks (1996) ",filmListEntry:3530462013,tremors-2-aftershocks,https://letterboxd.com/film/tremors-2-aftershocks/
filmListEntry:3530462014,"Black Roses (1988) ",filmListEntry:3530462014,black-roses,https://letterboxd.com/film/black-roses/
filmListEntry:3535066489,"Relic (2020) ",filmListEntry:3535066489,relic,https://letterboxd.com/film/relic/
filmListEntry:3540434864,"Dead Girls (1990) ",filmListEntry:3540434864,dead-girls,https://letterboxd.com/film/dead-girls/
filmListEntry:3552753428,"47 Meters Down: Uncaged (2019) ",filmListEntry:3552753428,47-meters-down-uncaged,https://letterboxd.com/film/47-meters-down-uncaged/
filmListEntry:3569921888,"Event Horizon (1997) ",filmListEntry:3569921888,event-horizon,https://letterboxd.com/film/event-horizon/
filmListEntry:3569921889,"The Return of the Living Dead (1985) ",filmListEntry:3569921889,the-return-of-the-living-dead,https://letterboxd.com/film/the-return-of-the-living-dead/
filmListEntry:3584288892,"Nope (2022) ",filmListEntry:3584288892,nope,https://letterboxd.com/film/nope/
filmListEntry:3584288893,"Return of the Living Dead Part II (1988) ",filmListEntry:3584288893,return-of-the-living-dead-part-ii,https://letterboxd.com/film/return-of-the-living-dead-part-ii/
filmListEntry:3596233869,"Night of the Living Dead (1990) ",filmListEntry:3596233869,night-of-the-living-dead-1990,https://letterboxd.com/film/night-of-the-living-dead-1990/
filmListEntry:3596233870,"Halloween H20: 20 Years Later (1998) ",filmListEntry:3596233870,halloween-h20-20-years-later,https://letterboxd.com/film/halloween-h20-20-years-later/
filmListEntry:3607112099,"Siege (1983) ",filmListEntry:3607112099,siege-1983,https://letterboxd.com/film/siege-1983/
filmListEntry:3625456024,"Friday the 13th: The Final Chapter (1984) ",filmListEntry:3625456024,friday-the-13th-the-final-chapter,https://letterboxd.com/film/friday-the-13th-the-final-chapter/
filmListEntry:3625456025,"Ginger Snaps (2000) ",filmListEntry:3625456025,ginger-snaps,https://letterboxd.com/film/ginger-snaps/
filmListEntry:3626650835,"Initiation (1987) ",filmListEntry:3626650835,initiation,https://letterboxd.com/film/initiation/
filmListEntry:3643734402,"Alone in the Dark (1982) ",filmListEntry:3643734402,alone-in-the-dark,https://letterboxd.com/film/alone-in-the-dark/
filmListEntry:3643734403,"The Medium (2021) ",filmListEntry:3643734403,the-medium-2021,https://letterboxd.com/film/the-medium-2021/
filmListEntry:3643734547,"Happy Birthday to Me (1981) ",filmListEntry:3643734547,happy-birthday-to-me,https://letterboxd.com/film/happy-birthday-to-me/
filmListEntry:3653302686,"Ghostwatch (1992) ",filmListEntry:3653302686,ghostwatch,https://letterboxd.com/film/ghostwatch/
filmListEntry:3653633941,"The Boogeyman (2023) ",filmListEntry:3653633941,the-boogeyman,https://letterboxd.com/film/the-boogeyman/
filmListEntry:3657776132,"WNUF Halloween Special (2013) ",filmListEntry:3657776132,wnuf-halloween-special,https://letterboxd.com/film/wnuf-halloween-special/
filmListEntry:3678445348,"Terrifier (2016) ",filmListEntry:3678445348,terrifier-2016,https://letterboxd.com/film/terrifier-2016/
filmListEntry:3678445349,"The Fourth Kind (2009) ",filmListEntry:3678445349,the-fourth-kind,https://letterboxd.com/film/the-fourth-kind/
filmListEntry:3678445350,"Eyes of Fire (1983) ",filmListEntry:3678445350,eyes-of-fire,https://letterboxd.com/film/eyes-of-fire/
filmListEntry:3687649887,"Jack Frost (1997) ",filmListEntry:3687649887,jack-frost-1997,https://letterboxd.com/film/jack-frost-1997/
filmListEntry:3693394468,"Lost Hearts (1973) ",filmListEntry:3693394468,lost-hearts,https://letterboxd.com/film/lost-hearts/
filmListEntry:3693394469,"A Ghost Story for Christmas: Lot No. 249 (2023) ",filmListEntry:3693394469,a-ghost-story-for-christmas-lot-no-249,https://letterboxd.com/film/a-ghost-story-for-christmas-lot-no-249/
filmListEntry:3714506600,"Consecration (2023) ",filmListEntry:3714506600,consecration-2023,https://letterboxd.com/film/consecration-2023/
filmListEntry:3714506601,"Annihilation (2018) ",filmListEntry:3714506601,annihilation,https://letterboxd.com/film/annihilation/
filmListEntry:3722076429,"Prince of Darkness (1987) ",filmListEntry:3722076429,prince-of-darkness,https://letterboxd.com/film/prince-of-darkness/
filmListEntry:3731173805,"Orca (1977) ",filmListEntry:3731173805,orca-1977,https://letterboxd.com/film/orca-1977/
filmListEntry:3737195972,"An American Werewolf in London (1981) ",filmListEntry:3737195972,an-american-werewolf-in-london,https://letterboxd.com/film/an-american-werewolf-in-london/
filmListEntry:3755341590,"Spookies (1986) ",filmListEntry:3755341590,spookies,https://letterboxd.com/film/spookies/
filmListEntry:3755342671,"Hellbender (2021) ",filmListEntry:3755342671,hellbender,https://letterboxd.com/film/hellbender/
filmListEntry:3761838130,"April Fool's Day (1986) ",filmListEntry:3761838130,april-fools-day,https://letterboxd.com/film/april-fools-day/
filmListEntry:3782212111,"When Evil Lurks (2023) ",filmListEntry:3782212111,when-evil-lurks,https://letterboxd.com/film/when-evil-lurks/
filmListEntry:3782212112,"Zombeavers (2014) ",filmListEntry:3782212112,zombeavers,https://letterboxd.com/film/zombeavers/
filmListEntry:3783560565,"In Fabric (2018) ",filmListEntry:3783560565,in-fabric,https://letterboxd.com/film/in-fabric/
filmListEntry:3801944409,"Return of the Living Dead III (1993) ",filmListEntry:3801944409,return-of-the-living-dead-iii,https://letterboxd.com/film/return-of-the-living-dead-iii/
filmListEntry:3801944410,"Monolith (2022) ",filmListEntry:3801944410,monolith-2022,https://letterboxd.com/film/monolith-2022/
filmListEntry:3811099736,"Communion (1989) ",filmListEntry:3811099736,communion,https://letterboxd.com/film/communion/
filmListEntry:3811099737,"The Lawnmower Man (1992) ",filmListEntry:3811099737,the-lawnmower-man,https://letterboxd.com/film/the-lawnmower-man/
filmListEntry:3836975364,"Bleeders (1997) ",filmListEntry:3836975364,bleeders,https://letterboxd.com/film/bleeders/
filmListEntry:3836975365,"The Shout (1978) ",filmListEntry:3836975365,the-shout,https://letterboxd.com/film/the-shout/
filmListEntry:3836975366,"Late Night with the Devil (2023) ",filmListEntry:3836975366,late-night-with-the-devil,https://letterboxd.com/film/late-night-with-the-devil/
filmListEntry:3836975367,"Bloody Birthday (1981) ",filmListEntry:3836975367,bloody-birthday,https://letterboxd.com/film/bloody-birthday/
filmListEntry:3843795672,"The Boxer's Omen (1983) ",filmListEntry:3843795672,the-boxers-omen,https://letterboxd.com/film/the-boxers-omen/
filmListEntry:3849843997,"The Hole in the Ground (2019) ",filmListEntry:3849843997,the-hole-in-the-ground-2019,https://letterboxd.com/film/the-hole-in-the-ground-2019/
filmListEntry:3866852277,"The Frighteners (1996) ",filmListEntry:3866852277,the-frighteners,https://letterboxd.com/film/the-frighteners/
filmListEntry:3866852278,"Funny Man (1994) ",filmListEntry:3866852278,funny-man,https://letterboxd.com/film/funny-man/
filmListEntry:3869424216,"Whistle and I'll Come to You (1968) ",filmListEntry:3869424216,whistle-and-ill-come-to-you,https://letterboxd.com/film/whistle-and-ill-come-to-you/
filmListEntry:3869424217,"A Warning to the Curious (1972) ",filmListEntry:3869424217,a-warning-to-the-curious,https://letterboxd.com/film/a-warning-to-the-curious/
filmListEntry:3882201916,"Spirit (1989) ",filmListEntry:3882201916,spirit-1989,https://letterboxd.com/film/spirit-1989/
filmListEntry:3882202426,"Lonely Water (1973) ",filmListEntry:3882202426,lonely-water,https://letterboxd.com/film/lonely-water/
filmListEntry:3907337694,"Down (2001) ",filmListEntry:3907337694,down,https://letterboxd.com/film/down/
filmListEntry:3907337695,"Frogs (1972) ",filmListEntry:3907337695,frogs,https://letterboxd.com/film/frogs/
filmListEntry:3908330490,"The Pope's Exorcist (2023) ",filmListEntry:3908330490,the-popes-exorcist,https://letterboxd.com/film/the-popes-exorcist/
filmListEntry:3914886816,"Little Nemo: Adventures in Slumberland (1989) ",filmListEntry:3914886816,little-nemo-adventures-in-slumberland,https://letterboxd.com/film/little-nemo-adventures-in-slumberland/
filmListEntry:3922692239,"Darklands (1996) ",filmListEntry:3922692239,darklands,https://letterboxd.com/film/darklands/
filmListEntry:3940420407,"Starve Acre (2023) ",filmListEntry:3940420407,starve-acre,https://letterboxd.com/film/starve-acre/
filmListEntry:3940420408,"City of the Living Dead (1980) ",filmListEntry:3940420408,city-of-the-living-dead,https://letterboxd.com/film/city-of-the-living-dead/
filmListEntry:3958940087,"The Beyond (1981) ",filmListEntry:3958940087,the-beyond,https://letterboxd.com/film/the-beyond/
filmListEntry:3958940088,"Oddity (2024) ",filmListEntry:3958940088,oddity-2024,https://letterboxd.com/film/oddity-2024/
filmListEntry:3958940089,"Exhuma (2024) ",filmListEntry:3958940089,exhuma,https://letterboxd.com/film/exhuma/
filmListEntry:3964468833,"Night of the Lepus (1972) ",filmListEntry:3964468833,night-of-the-lepus,https://letterboxd.com/film/night-of-the-lepus/
filmListEntry:3974866078,"Hell House LLC (2015) ",filmListEntry:3974866078,hell-house-llc,https://letterboxd.com/film/hell-house-llc/
filmListEntry:3991377956,"In the Mouth of Madness (1994) ",filmListEntry:3991377956,in-the-mouth-of-madness,https://letterboxd.com/film/in-the-mouth-of-madness/
filmListEntry:3991380750,"From Beyond the Grave (1974) ",filmListEntry:3991380750,from-beyond-the-grave,https://letterboxd.com/film/from-beyond-the-grave/
filmListEntry:4008852391,"The Last Will and Testament of Rosalind Leigh (2012) ",filmListEntry:4008852391,the-last-will-and-testament-of-rosalind-leigh,https://letterboxd.com/film/the-last-will-and-testament-of-rosalind-leigh/
filmListEntry:4008852392,"Terrifier 2 (2022) ",filmListEntry:4008852392,terrifier-2,https://letterboxd.com/film/terrifier-2/
filmListEntry:4008852393,"Willard (1971) ",filmListEntry:4008852393,willard,https://letterboxd.com/film/willard/
filmListEntry:4015023496,"Intruder (1989) ",filmListEntry:4015023496,intruder,https://letterboxd.com/film/intruder/
filmListEntry:4032432588,"Psychomania (1973) ",filmListEntry:4032432588,psychomania,https://letterboxd.com/film/psychomania/
filmListEntry:4032432589,"Evil Dead Rise (2023) ",filmListEntry:4032432589,evil-dead-rise,https://letterboxd.com/film/evil-dead-rise/
filmListEntry:4037432568,"Nightmare at Shadow Woods (1987) ",filmListEntry:4037432568,nightmare-at-shadow-woods,https://letterboxd.com/film/nightmare-at-shadow-woods/
filmListEntry:4051143601,"Infested (2023) ",filmListEntry:4051143601,infested-2023,https://letterboxd.com/film/infested-2023/
filmListEntry:4051143602,"The Bay (2012) ",filmListEntry:4051143602,the-bay,https://letterboxd.com/film/the-bay/
filmListEntry:4074970421,"It's a Wonderful Knife (2023) ",filmListEntry:4074970421,its-a-wonderful-knife-2023,https://letterboxd.com/film/its-a-wonderful-knife-2023/
filmListEntry:4079722195,"Hiruko the Goblin (1991) ",filmListEntry:4079722195,hiruko-the-goblin,https://letterboxd.com/film/hiruko-the-goblin/
filmListEntry:4094477785,"Vigil (1984) ",filmListEntry:4094477785,vigil,https://letterboxd.com/film/vigil/
filmListEntry:4123126669,"Equinox (1970) ",filmListEntry:4123126669,equinox,https://letterboxd.com/film/equinox/
filmListEntry:4123126670,"Bad Ben (2016) ",filmListEntry:4123126670,bad-ben,https://letterboxd.com/film/bad-ben/
filmListEntry:4128071331,"Malum (2023) ",filmListEntry:4128071331,malum-2023,https://letterboxd.com/film/malum-2023/
filmListEntry:4168953483,"Kill, Baby... Kill! (1966) ",filmListEntry:4168953483,kill-baby-kill,https://letterboxd.com/film/kill-baby-kill/
filmListEntry:4168953484,"Terrified (2017) ",filmListEntry:4168953484,terrified-2017,https://letterboxd.com/film/terrified-2017/
filmListEntry:4203756908,"Doctor Sleep (2019) ",filmListEntry:4203756908,doctor-sleep,https://letterboxd.com/film/doctor-sleep/
filmListEntry:4203756909,"Cathy's Curse (1977) ",filmListEntry:4203756909,cathys-curse,https://letterboxd.com/film/cathys-curse/
filmListEntry:4203756910,"The Damned (2024) ",filmListEntry:4203756910,the-damned-2024-1,https://letterboxd.com/film/the-damned-2024-1/
filmListEntry:4203756911,"Y2K (2024) ",filmListEntry:4203756911,y2k-2024,https://letterboxd.com/film/y2k-2024/
filmListEntry:4203756912,"The Happening (2008) ",filmListEntry:4203756912,the-happening,https://letterboxd.com/film/the-happening/
filmListEntry:4203756913,"Motel Hell (1980) ",filmListEntry:4203756913,motel-hell,https://letterboxd.com/film/motel-hell/
filmListEntry:4211667993,"One Cut of the Dead (2017) ",filmListEntry:4211667993,one-cut-of-the-dead,https://letterboxd.com/film/one-cut-of-the-dead/
filmListEntry:4231827126,"Brainscan (1994) ",filmListEntry:4231827126,brainscan,https://letterboxd.com/film/brainscan/
filmListEntry:4231827219,"Wake in Fright (1971) ",filmListEntry:4231827219,wake-in-fright,https://letterboxd.com/film/wake-in-fright/
filmListEntry:4234213531,"Hagazussa (2017) ",filmListEntry:4234213531,hagazussa,https://letterboxd.com/film/hagazussa/
filmListEntry:4247619276,"Suffer, Little Children (1983) ",filmListEntry:4247619276,suffer-little-children,https://letterboxd.com/film/suffer-little-children/
filmListEntry:4254791202,"Critters (1986) ",filmListEntry:4254791202,critters,https://letterboxd.com/film/critters/
filmListEntry:4305546566,"Ghoulies (1985) ",filmListEntry:4305546566,ghoulies,https://letterboxd.com/film/ghoulies/
filmListEntry:4305546567,"28 Weeks Later (2007) ",filmListEntry:4305546567,28-weeks-later,https://letterboxd.com/film/28-weeks-later/
filmListEntry:4305546568,"Poltergeist (1982) ",filmListEntry:4305546568,poltergeist,https://letterboxd.com/film/poltergeist/
filmListEntry:4305546569,"13th Child (2002) ",filmListEntry:4305546569,13th-child,https://letterboxd.com/film/13th-child/
filmListEntry:4305546570,"Body Melt (1993) ",filmListEntry:4305546570,body-melt,https://letterboxd.com/film/body-melt/
filmListEntry:4314391113,"Xtro (1982) ",filmListEntry:4314391113,xtro,https://letterboxd.com/film/xtro/
filmListEntry:4314391114,"Final Destination 2 (2003) ",filmListEntry:4314391114,final-destination-2,https://letterboxd.com/film/final-destination-2/
filmListEntry:4324807027,"Predator 2 (1990) ",filmListEntry:4324807027,predator-2,https://letterboxd.com/film/predator-2/
filmListEntry:4361573858,"I'll Always Know What You Did Last Summer (2006) ",filmListEntry:4361573858,ill-always-know-what-you-did-last-summer,https://letterboxd.com/film/ill-always-know-what-you-did-last-summer/
filmListEntry:4398514598,"The Demons of Ludlow (1983) ",filmListEntry:4398514598,the-demons-of-ludlow,https://letterboxd.com/film/the-demons-of-ludlow/
filmListEntry:4398514599,"The Devonsville Terror (1983) ",filmListEntry:4398514599,the-devonsville-terror,https://letterboxd.com/film/the-devonsville-terror/
filmListEntry:4398514600,"Slaughter High (1986) ",filmListEntry:4398514600,slaughter-high,https://letterboxd.com/film/slaughter-high/
filmListEntry:4398514601,"Fréwaka (2024) ",filmListEntry:4398514601,frewaka,https://letterboxd.com/film/frewaka/
filmListEntry:4414805968,"Bride of Frankenstein (1935) ",filmListEntry:4414805968,bride-of-frankenstein,https://letterboxd.com/film/bride-of-frankenstein/
filmListEntry:4437461164,"Frogman (2023) ",filmListEntry:4437461164,frogman-2023,https://letterboxd.com/film/frogman-2023/
filmListEntry:4461886314,"The Blob (1988) ",filmListEntry:4461886314,the-blob-1988,https://letterboxd.com/film/the-blob-1988/
filmListEntry:4461886315,"Halloween: Resurrection (2002) ",filmListEntry:4461886315,halloween-resurrection,https://letterboxd.com/film/halloween-resurrection/
filmListEntry:4461886316,"The Houses October Built (2014) ",filmListEntry:4461886316,the-houses-october-built,https://letterboxd.com/film/the-houses-october-built/
filmListEntry:4486840650,"A Chinese Ghost Story (1987) ",filmListEntry:4486840650,a-chinese-ghost-story,https://letterboxd.com/film/a-chinese-ghost-story/
filmListEntry:4486840651,"Phenomena (1985) ",filmListEntry:4486840651,phenomena,https://letterboxd.com/film/phenomena/
filmListEntry:4506949740,"Izvod: Witch's Swamp (2025) ",filmListEntry:4506949740,izvod-witchs-swamp,https://letterboxd.com/film/izvod-witchs-swamp/
filmListEntry:4515829401,"Night Killer (1990) ",filmListEntry:4515829401,night-killer,https://letterboxd.com/film/night-killer/
filmListEntry:4515829402,"They Live (1988) ",filmListEntry:4515829402,they-live,https://letterboxd.com/film/they-live/
filmListEntry:4543253388,"Gremlins 2: The New Batch (1990) ",filmListEntry:4543253388,gremlins-2-the-new-batch,https://letterboxd.com/film/gremlins-2-the-new-batch/
filmListEntry:4560081620,"Tumbbad (2018) ",filmListEntry:4560081620,tumbbad,https://letterboxd.com/film/tumbbad/
filmListEntry:4587998631,"Horror in the High Desert (2021) ",filmListEntry:4587998631,horror-in-the-high-desert,https://letterboxd.com/film/horror-in-the-high-desert/
filmListEntry:4587999274,"The Woman in Cabin 10 (2025) ",filmListEntry:4587999274,the-woman-in-cabin-10,https://letterboxd.com/film/the-woman-in-cabin-10/
